2017:05:30:15:56:32.933,-0.019,-0.253,-1.012
2017:05:30:15:56:33.038,-0.054,-0.282,-1.029
2017:05:30:15:56:33.041,-0.009,-0.277,-0.994
2017:05:30:15:56:33.044,-0.117,-0.337,-1.068
2017:05:30:15:56:33.816,-0.05,-0.317,-0.86
2017:05:30:15:56:33.824,0.071,-0.229,-0.831
2017:05:30:15:56:33.910,0.021,-0.279,-0.988
2017:05:30:15:56:33.916,0.059,-0.302,-1.09
2017:05:30:15:56:33.917,0.037,-0.309,-0.961
2017:05:30:15:56:33.920,0.096,-0.367,-0.963
2017:05:30:15:56:33.922,0.105,-0.381,-1.066
2017:05:30:15:56:33.926,0.144,-0.454,-0.918
2017:05:30:15:56:33.933,0.126,-0.434,-0.974
2017:05:30:15:56:33.936,-0.059,-0.487,-0.886
2017:05:30:15:56:33.950,-0.127,-0.462,-0.969
2017:05:30:15:56:33.953,-0.298,-0.41,-0.794
2017:05:30:15:56:33.963,-0.184,-0.588,-0.739
2017:05:30:15:56:33.966,-0.177,-0.383,-0.599
2017:05:30:15:56:33.977,-0.191,-0.338,-1.015
2017:05:30:15:56:33.981,-0.173,-0.621,-0.779
2017:05:30:15:56:34.017,-0.143,-0.412,-0.767
2017:05:30:15:56:34.022,-0.086,-0.461,-0.988
2017:05:30:15:56:34.044,-0.026,-0.503,-1.045
2017:05:30:15:56:34.052,-0.041,-0.459,-0.568
2017:05:30:15:56:34.056,0.17,-0.545,-0.974
2017:05:30:15:56:34.061,0.369,-0.417,-0.901
2017:05:30:15:56:34.063,0.13,-0.431,-1.017
2017:05:30:15:56:34.077,0.392,-0.476,-0.832
2017:05:30:15:56:34.081,-0.12,-0.443,-0.895
2017:05:30:15:56:34.094,0.554,-0.515,-0.58
2017:05:30:15:56:34.097,0.565,-0.296,-0.402
2017:05:30:15:56:34.110,0.27,-0.207,-0.63
2017:05:30:15:56:34.115,0.13,-0.159,-0.624
2017:05:30:15:56:34.152,0.002,0.116,-1.012
2017:05:30:15:56:34.210,-0.652,-0.227,-1.424
2017:05:30:15:56:34.269,-0.006,-0.072,-0.863
2017:05:30:15:56:34.327,-0.043,-0.098,-1.822
2017:05:30:15:56:34.385,-0.265,-0.138,-1.216
2017:05:30:15:56:34.444,-0.195,-0.282,-1.006
2017:05:30:15:56:34.502,0.222,-0.411,-1.196
2017:05:30:15:56:34.677,0.359,-0.214,-1.182
2017:05:30:15:56:34.731,-0.293,0.162,-0.936
2017:05:30:15:56:34.734,0.202,0.038,-1.056
2017:05:30:15:56:34.737,0.367,0.017,-1.025
2017:05:30:15:56:34.794,0.17,0.076,-0.921
2017:05:30:15:56:34.852,0.128,0.046,-1.104
2017:05:30:15:56:34.911,0.298,0.006,-0.965
2017:05:30:15:56:34.976,0.241,0.001,-0.962
2017:05:30:15:56:35.028,0.215,-0.064,-1.064
2017:05:30:15:56:35.086,0.07,-0.078,-0.314
2017:05:30:15:56:35.151,0.16,-0.159,-0.919
2017:05:30:15:56:35.202,0.033,-0.106,-0.985
2017:05:30:15:56:35.277,0.205,-0.141,-0.583
2017:05:30:15:56:35.332,0.3,-0.285,-1.128
2017:05:30:15:56:35.383,0.207,-0.18,-1.082
2017:05:30:15:56:35.436,-0.007,-0.186,-0.92
2017:05:30:15:56:35.494,0.037,-0.172,-0.962
2017:05:30:15:56:35.563,0.083,-0.15,-0.951
2017:05:30:15:56:35.611,0.152,-0.215,-0.93
2017:05:30:15:56:35.669,0.141,-0.251,-1.108
2017:05:30:15:56:35.728,0.272,-0.145,-1.115
2017:05:30:15:56:35.786,0.271,-0.153,-0.834
2017:05:30:15:56:35.844,0.303,-0.16,-0.936
2017:05:30:15:56:35.903,0.26,-0.228,-0.991
2017:05:30:15:56:35.961,0.212,-0.21,-0.966
2017:05:30:15:56:36.081,0.195,-0.163,-1.059
2017:05:30:15:56:36.083,0.289,-0.183,-0.975
2017:05:30:15:56:36.136,0.201,-0.211,-0.902
2017:05:30:15:56:36.197,0.193,-0.17,-0.891
2017:05:30:15:56:36.253,0.149,-0.137,-0.897
2017:05:30:15:56:36.311,0.166,-0.2,-0.839
2017:05:30:15:56:36.369,0.199,-0.168,-1.112
2017:05:30:15:56:36.443,0.205,-0.132,-0.975
2017:05:30:15:56:36.486,0.109,-0.17,-0.956
2017:05:30:15:56:36.544,0.084,-0.201,-0.94
2017:05:30:15:56:36.604,0.077,-0.176,-0.991
2017:05:30:15:56:36.661,0.173,-0.244,-0.906
2017:05:30:15:56:36.719,0.227,-0.141,-0.948
2017:05:30:15:56:36.778,0.337,-0.138,-0.824
2017:05:30:15:56:36.836,0.383,-0.117,-0.918
2017:05:30:15:56:36.894,0.385,-0.235,-0.999
2017:05:30:15:56:36.952,0.272,-0.143,-0.848
2017:05:30:15:56:37.011,0.215,-0.162,-0.907
2017:05:30:15:56:37.069,0.191,-0.225,-0.957
2017:05:30:15:56:37.128,0.15,-0.176,-1.025
2017:05:30:15:56:37.186,0.098,-0.207,-0.776
2017:05:30:15:56:37.244,0.254,-0.225,-0.833
2017:05:30:15:56:37.302,0.331,-0.191,-0.848
2017:05:30:15:56:37.361,0.31,-0.173,-1.014
2017:05:30:15:56:37.419,0.38,-0.186,-0.935
2017:05:30:15:56:37.477,0.12,-0.13,-0.947
2017:05:30:15:56:37.536,0.256,-0.181,-1.065
2017:05:30:15:56:37.594,0.011,-0.198,-0.971
2017:05:30:15:56:37.652,0.002,-0.204,-1.135
2017:05:30:15:56:37.711,0.045,-0.181,-1.077
2017:05:30:15:56:37.769,0.045,-0.15,-0.973
2017:05:30:15:56:37.828,-0.029,-0.137,-0.94
2017:05:30:15:56:37.886,0.156,-0.185,-0.92
2017:05:30:15:56:37.953,0.162,-0.145,-0.954
2017:05:30:15:56:38.002,0.248,-0.15,-1.131
2017:05:30:15:56:38.061,0.061,-0.167,-1.038
2017:05:30:15:56:38.119,0.029,-0.209,-0.917
2017:05:30:15:56:38.179,0.187,-0.153,-0.999
2017:05:30:15:56:38.237,0.201,-0.18,-0.878
2017:05:30:15:56:38.298,0.063,-0.208,-0.997
2017:05:30:15:56:38.354,0.19,-0.179,-1.011
2017:05:30:15:56:38.411,0.251,-0.113,-0.966
2017:05:30:15:56:38.469,0.126,-0.144,-0.977
2017:05:30:15:56:38.528,0.029,-0.153,-1.001
2017:05:30:15:56:38.587,-0.007,-0.193,-0.896
2017:05:30:15:56:38.645,0.165,-0.201,-1.238
2017:05:30:15:56:38.703,-0.032,-0.122,-1.211
2017:05:30:15:56:38.762,-0.002,-0.187,-1.064
2017:05:30:15:56:38.820,-0.077,-0.114,-0.936
2017:05:30:15:56:38.879,0.181,-0.208,-0.957
2017:05:30:15:56:38.936,0.152,-0.134,-0.98
2017:05:30:15:56:38.994,0.092,-0.213,-0.859
2017:05:30:15:56:39.052,0.333,-0.134,-1.155
2017:05:30:15:56:39.111,0.16,-0.193,-0.944
2017:05:30:15:56:39.169,0.017,-0.226,-0.831
2017:05:30:15:56:39.228,0.058,-0.161,-0.945
2017:05:30:15:56:39.286,0.269,-0.18,-0.938
2017:05:30:15:56:39.345,0.165,-0.186,-1.003
2017:05:30:15:56:39.403,0.263,-0.175,-0.921
2017:05:30:15:56:39.461,0.176,-0.161,-0.93
2017:05:30:15:56:39.519,0.187,-0.196,-1.057
2017:05:30:15:56:39.578,0.244,-0.202,-0.933
2017:05:30:15:56:39.636,0.135,-0.189,-0.98
2017:05:30:15:56:39.695,0.058,-0.161,-1.036
2017:05:30:15:56:39.753,0.177,-0.147,-1.02
2017:05:30:15:56:39.812,0.098,-0.172,-0.987
2017:05:30:15:56:39.870,-0.005,-0.204,-0.924
2017:05:30:15:56:39.929,0.083,-0.115,-1.015
2017:05:30:15:56:39.986,0.192,-0.208,-1.076
2017:05:30:15:56:40.045,0.237,-0.175,-1.027
2017:05:30:15:56:40.104,0.16,-0.231,-0.936
2017:05:30:15:56:40.178,0.055,-0.21,-1.042
2017:05:30:15:56:40.200,0.147,-0.212,-1.064
2017:05:30:15:56:40.258,-0.085,-0.134,-0.927
2017:05:30:15:56:40.316,0.064,-0.142,-1.072
2017:05:30:15:56:40.375,-0.026,-0.183,-0.909
2017:05:30:15:56:40.447,0.171,-0.193,-1.118
2017:05:30:15:56:40.492,-0.007,-0.092,-0.946
2017:05:30:15:56:40.550,0.089,-0.235,-1.064
2017:05:30:15:56:40.609,0.233,-0.157,-1.02
2017:05:30:15:56:40.667,0.099,-0.139,-1.001
2017:05:30:15:56:40.725,0.104,-0.172,-1.044
2017:05:30:15:56:40.784,0.207,-0.219,-1.041
2017:05:30:15:56:40.843,0.097,-0.192,-0.954
2017:05:30:15:56:40.914,0.245,-0.147,-1.059
2017:05:30:15:56:40.959,0.1,-0.169,-0.913
2017:05:30:15:56:41.017,0.321,-0.124,-0.878
2017:05:30:15:56:41.076,0.336,-0.177,-1.044
2017:05:30:15:56:41.134,0.139,-0.158,-1.085
2017:05:30:15:56:41.192,-0.01,-0.179,-0.998
2017:05:30:15:56:41.251,0.097,-0.152,-1.121
2017:05:30:15:56:41.311,0.164,-0.156,-1.016
2017:05:30:15:56:41.367,-0.032,-0.192,-0.915
2017:05:30:15:56:41.426,0.105,-0.164,-1.206
2017:05:30:15:56:41.484,0.053,-0.12,-1.018
2017:05:30:15:56:41.542,0.194,-0.212,-1.042
2017:05:30:15:56:41.601,0.147,-0.137,-0.998
2017:05:30:15:56:41.659,0.276,-0.221,-0.869
2017:05:30:15:56:41.718,0.36,-0.195,-1.089
2017:05:30:15:56:41.777,0.247,-0.224,-0.925
2017:05:30:15:56:41.834,0.237,-0.227,-0.944
2017:05:30:15:56:41.894,0.229,-0.191,-0.941
2017:05:30:15:56:41.951,0.268,-0.151,-0.795
2017:05:30:15:56:42.010,0.417,-0.135,-0.902
2017:05:30:15:56:42.067,0.374,-0.22,-0.99
2017:05:30:15:56:42.126,0.282,-0.188,-1.021
2017:05:30:15:56:42.185,0.214,-0.158,-1.041
2017:05:30:15:56:42.243,0.069,-0.181,-0.979
2017:05:30:15:56:42.301,0.1,-0.178,-0.944
2017:05:30:15:56:42.361,0.106,-0.169,-0.934
2017:05:30:15:56:42.418,0.161,-0.195,-1.004
2017:05:30:15:56:42.476,0.128,-0.184,-0.855
2017:05:30:15:56:42.534,0.17,-0.117,-0.942
2017:05:30:15:56:42.592,0.189,-0.131,-0.88
2017:05:30:15:56:42.651,0.197,-0.186,-0.929
2017:05:30:15:56:42.710,0.218,-0.214,-1.055
2017:05:30:15:56:42.769,0.204,-0.241,-0.906
2017:05:30:15:56:42.827,0.218,-0.123,-1.025
2017:05:30:15:56:42.858,0.354,-0.165,-1.032
2017:05:30:15:56:42.915,0.226,-0.145,-0.964
2017:05:30:15:56:42.973,0.184,-0.179,-0.982
2017:05:30:15:56:43.031,0.28,-0.156,-1.194
2017:05:30:15:56:43.089,0.101,-0.171,-1.071
2017:05:30:15:56:43.147,-0.003,-0.202,-0.904
2017:05:30:15:56:43.206,0.134,-0.209,-0.877
2017:05:30:15:56:43.264,0.108,-0.169,-0.854
2017:05:30:15:56:43.323,0.284,-0.138,-0.888
2017:05:30:15:56:43.385,0.373,-0.191,-1.005
2017:05:30:15:56:43.440,0.308,-0.184,-1.007
2017:05:30:15:56:43.498,0.294,-0.132,-0.724
2017:05:30:15:56:43.556,0.212,-0.189,-1.043
2017:05:30:15:56:43.615,0.234,-0.184,-0.846
2017:05:30:15:56:43.673,0.185,-0.238,-0.868
2017:05:30:15:56:43.731,0.313,-0.226,-0.969
2017:05:30:15:56:43.790,0.167,-0.144,-1.051
2017:05:30:15:56:43.848,0.042,-0.168,-0.927
2017:05:30:15:56:43.907,0.075,-0.136,-0.97
2017:05:30:15:56:43.966,0.23,-0.127,-1.089
2017:05:30:15:56:44.023,0.056,-0.185,-1.014
2017:05:30:15:56:44.082,0.134,-0.264,-1.007
2017:05:30:15:56:44.140,0.131,-0.173,-1.063
2017:05:30:15:56:44.198,0.18,-0.159,-1.034
2017:05:30:15:56:44.257,0.107,-0.145,-0.824
2017:05:30:15:56:44.315,0.135,-0.261,-0.867
2017:05:30:15:56:44.374,0.233,-0.163,-0.965
2017:05:30:15:56:44.433,0.261,-0.247,-0.828
2017:05:30:15:56:44.491,0.286,-0.159,-0.803
2017:05:30:15:56:44.549,0.269,-0.163,-0.962
2017:05:30:15:56:44.607,0.292,-0.16,-0.94
2017:05:30:15:56:44.665,0.187,-0.153,-1.018
2017:05:30:15:56:44.724,0.214,-0.167,-0.916
2017:05:30:15:56:44.782,0.154,-0.155,-0.932
2017:05:30:15:56:44.841,0.081,-0.213,-0.968
2017:05:30:15:56:44.899,0.166,-0.17,-0.959
2017:05:30:15:56:44.958,0.111,-0.223,-0.898
2017:05:30:15:56:45.016,-0.07,-0.159,-0.883
2017:05:30:15:56:45.074,0.295,-0.114,-0.929
2017:05:30:15:56:45.133,0.047,-0.137,-0.878
2017:05:30:15:56:45.191,0.166,-0.208,-1.037
2017:05:30:15:56:45.249,0.062,-0.149,-0.97
2017:05:30:15:56:45.307,0.035,-0.194,-0.902
2017:05:30:15:56:45.366,0.265,-0.154,-1.004
2017:05:30:15:56:45.423,0.22,-0.259,-1.024
2017:05:30:15:56:45.482,0.229,-0.198,-0.963
2017:05:30:15:56:45.540,0.233,-0.176,-0.812
2017:05:30:15:56:45.599,0.171,-0.231,-0.923
2017:05:30:15:56:45.659,0.068,-0.14,-0.906
2017:05:30:15:56:45.717,0.435,-0.135,-1.072
2017:05:30:15:56:45.774,0.238,-0.237,-1.048
2017:05:30:15:56:45.832,0.109,-0.235,-1.127
2017:05:30:15:56:45.896,-0.046,-0.105,-0.944
2017:05:30:15:56:45.949,-0.043,-0.2,-0.846
2017:05:30:15:56:46.010,0.104,-0.205,-1.036
2017:05:30:15:56:46.066,0.167,-0.221,-1.053
2017:05:30:15:56:46.126,0.02,-0.142,-0.958
2017:05:30:15:56:46.184,0.033,-0.234,-0.959
2017:05:30:15:56:46.243,0.071,-0.177,-0.989
2017:05:30:15:56:46.300,0.123,-0.167,-0.913
2017:05:30:15:56:46.359,0.211,-0.154,-0.889
2017:05:30:15:56:46.417,0.188,-0.216,-0.965
2017:05:30:15:56:46.475,0.243,-0.178,-1.093
2017:05:30:15:56:46.534,0.081,-0.122,-1.036
2017:05:30:15:56:46.592,0.037,-0.225,-0.976
2017:05:30:15:56:46.650,0.1,-0.205,-1.012
2017:05:30:15:56:46.709,0.048,-0.132,-0.972
2017:05:30:15:56:46.767,0.017,-0.146,-0.899
2017:05:30:15:56:46.825,0.09,-0.217,-0.876
2017:05:30:15:56:46.883,0.011,-0.223,-1.049
2017:05:30:15:56:46.942,-0.062,-0.129,-1.031
2017:05:30:15:56:47.000,0.042,-0.161,-1.051
2017:05:30:15:56:47.059,-0.027,-0.192,-0.962
2017:05:30:15:56:47.119,0.013,-0.156,-0.929
2017:05:30:15:56:47.174,-0.132,-0.127,-0.937
2017:05:30:15:56:47.234,-0.052,-0.197,-1.021
2017:05:30:15:56:47.292,0.095,-0.177,-0.983
2017:05:30:15:56:47.351,0.094,-0.187,-0.831
2017:05:30:15:56:47.409,0.133,-0.185,-0.988
2017:05:30:15:56:47.475,0.047,-0.223,-0.838
2017:05:30:15:56:47.525,0.012,-0.148,-0.954
2017:05:30:15:56:47.591,0.025,-0.171,-0.981
2017:05:30:15:56:47.642,0.207,-0.162,-0.994
2017:05:30:15:56:47.700,0.126,-0.215,-1.045
2017:05:30:15:56:47.759,0.08,-0.15,-1.134
2017:05:30:15:56:47.817,-0.019,-0.174,-0.946
2017:05:30:15:56:47.875,-0.094,-0.174,-0.954
2017:05:30:15:56:47.933,0.077,-0.189,-1
2017:05:30:15:56:47.992,0.085,-0.209,-0.893
2017:05:30:15:56:48.050,0.061,-0.248,-0.926
2017:05:30:15:56:48.109,0.044,-0.148,-0.917
2017:05:30:15:56:48.167,0.137,-0.151,-0.874
2017:05:30:15:56:48.225,0.113,-0.161,-0.982
2017:05:30:15:56:48.284,0.129,-0.175,-0.849
2017:05:30:15:56:48.342,0.112,-0.184,-0.935
2017:05:30:15:56:48.401,0.124,-0.172,-1.104
2017:05:30:15:56:48.460,0.086,-0.134,-0.989
2017:05:30:15:56:48.518,0.081,-0.226,-0.922
2017:05:30:15:56:48.576,0.225,-0.213,-0.986
2017:05:30:15:56:48.635,0.084,-0.207,-0.917
2017:05:30:15:56:48.692,0.062,-0.223,-1.049
2017:05:30:15:56:48.751,0.07,-0.164,-0.91
2017:05:30:15:56:48.809,0.14,-0.267,-0.88
2017:05:30:15:56:48.867,-0.004,-0.133,-1.024
2017:05:30:15:56:48.927,0.063,-0.15,-0.96
2017:05:30:15:56:48.984,-0.052,-0.132,-0.957
2017:05:30:15:56:49.043,0.057,-0.213,-1.036
2017:05:30:15:56:49.101,-0.026,-0.152,-0.844
2017:05:30:15:56:49.162,-0.035,-0.203,-0.885
2017:05:30:15:56:49.217,0.081,-0.164,-1.067
2017:05:30:15:56:49.276,0.17,-0.158,-1.001
2017:05:30:15:56:49.334,0.342,-0.221,-1.011
2017:05:30:15:56:49.394,0.063,-0.177,-0.938
2017:05:30:15:56:49.451,0.201,-0.179,-1.054
2017:05:30:15:56:49.510,0.093,-0.196,-0.959
2017:05:30:15:56:49.568,0.074,-0.192,-0.986
2017:05:30:15:56:49.627,0.225,-0.206,-1.111
2017:05:30:15:56:49.686,0.176,-0.265,-1.027
2017:05:30:15:56:49.743,-0.025,-0.15,-0.887
2017:05:30:15:56:49.802,-0.069,-0.206,-0.969
2017:05:30:15:56:49.860,0.084,-0.11,-0.874
2017:05:30:15:56:49.919,0.032,-0.18,-0.986
2017:05:30:15:56:49.977,-0.076,-0.19,-0.85
2017:05:30:15:56:50.035,0.042,-0.187,-1.025
2017:05:30:15:56:50.094,0.165,-0.105,-0.981
2017:05:30:15:56:50.152,0.19,-0.135,-0.976
2017:05:30:15:56:50.211,0.119,-0.181,-0.99
2017:05:30:15:56:50.269,0.134,-0.138,-1.138
2017:05:30:15:56:50.327,0.233,-0.214,-1.042
2017:05:30:15:56:50.386,0.097,-0.203,-0.944
2017:05:30:15:56:50.444,0.173,-0.247,-1.013
2017:05:30:15:56:50.503,0.05,-0.147,-1.039
2017:05:30:15:56:50.561,0.027,-0.212,-0.911
2017:05:30:15:56:50.619,0.151,-0.206,-0.963
2017:05:30:15:56:50.678,0.054,-0.136,-0.869
2017:05:30:15:56:50.737,0.209,-0.089,-0.984
2017:05:30:15:56:50.795,0.139,-0.208,-1.073
2017:05:30:15:56:50.853,0.064,-0.221,-1.08
2017:05:30:15:56:50.911,0.014,-0.134,-1.024
2017:05:30:15:56:50.970,0.135,-0.162,-0.907
2017:05:30:15:56:51.028,0.099,-0.195,-0.799
2017:05:30:15:56:51.087,0.17,-0.172,-0.974
2017:05:30:15:56:51.145,0.091,-0.196,-0.913
2017:05:30:15:56:51.215,0.187,-0.203,-0.972
2017:05:30:15:56:51.262,0.249,-0.154,-0.976
2017:05:30:15:56:51.321,0.143,-0.205,-0.956
2017:05:30:15:56:51.378,0.187,-0.168,-1.06
2017:05:30:15:56:51.437,0.095,-0.238,-1.049
2017:05:30:15:56:51.495,0.042,-0.112,-0.916
2017:05:30:15:56:51.553,0.091,-0.158,-0.933
2017:05:30:15:56:51.612,0.154,-0.242,-0.996
2017:05:30:15:56:51.670,0.11,-0.213,-1.058
2017:05:30:15:56:51.729,0.169,-0.169,-0.917
2017:05:30:15:56:51.789,0.077,-0.139,-0.866
2017:05:30:15:56:51.846,0.155,-0.141,-0.841
2017:05:30:15:56:51.904,0.145,-0.179,-1.02
2017:05:30:15:56:51.962,0.05,-0.177,-1.011
2017:05:30:15:56:52.021,0.144,-0.196,-1.113
2017:05:30:15:56:52.079,0.183,-0.143,-1.16
2017:05:30:15:56:52.137,-0.073,-0.154,-0.939
2017:05:30:15:56:52.196,0.031,-0.178,-1.071
2017:05:30:15:56:52.254,0.083,-0.225,-0.915
2017:05:30:15:56:52.313,0.063,-0.151,-0.807
2017:05:30:15:56:52.371,0.154,-0.209,-0.873
2017:05:30:15:56:52.430,0.182,-0.21,-1.012
2017:05:30:15:56:52.507,0.164,-0.193,-0.857
2017:05:30:15:56:52.537,0.04,-0.193,-1.057
2017:05:30:15:56:52.575,0.062,-0.256,-0.987
2017:05:30:15:56:52.605,0.187,-0.192,-1.008
2017:05:30:15:56:52.634,-0.12,-0.207,-0.944
2017:05:30:15:56:52.672,0.382,-0.144,-0.946
2017:05:30:15:56:52.702,-0.153,-0.242,-0.852
2017:05:30:15:56:52.741,-0.266,-0.117,-0.906
2017:05:30:15:56:52.770,0.176,-0.279,-0.987
2017:05:30:15:56:52.801,-0.08,-0.232,-1.073
2017:05:30:15:56:52.838,0.075,-0.117,-1.035
2017:05:30:15:56:52.867,0.032,-0.222,-0.897
2017:05:30:15:56:52.905,0.094,-0.207,-0.999
2017:05:30:15:56:52.935,0.188,-0.121,-1.038
2017:05:30:15:56:52.965,0.028,-0.17,-1.061
2017:05:30:15:56:53.003,0.053,-0.222,-1.039
2017:05:30:15:56:53.034,0.056,-0.183,-0.864
2017:05:30:15:56:53.071,-0.029,-0.166,-1.041
2017:05:30:15:56:53.101,0.055,-0.179,-0.913
2017:05:30:15:56:53.131,0.06,-0.184,-1.001
2017:05:30:15:56:53.169,0.094,-0.158,-0.948
2017:05:30:15:56:53.199,0.161,-0.227,-0.951
2017:05:30:15:56:53.237,0.115,-0.203,-0.97
2017:05:30:15:56:53.267,0.095,-0.095,-0.928
2017:05:30:15:56:53.303,0.091,-0.194,-0.914
2017:05:30:15:56:53.334,0.116,-0.186,-1.087
2017:05:30:15:56:53.364,0.099,-0.195,-0.971
2017:05:30:15:56:53.402,0.187,-0.189,-1.027
2017:05:30:15:56:53.432,0.039,-0.181,-0.929
2017:05:30:15:56:53.461,0.024,-0.163,-0.921
2017:05:30:15:56:53.500,0.132,-0.17,-1.018
2017:05:30:15:56:53.529,0.165,-0.251,-0.968
2017:05:30:15:56:53.567,0.082,-0.225,-1.045
2017:05:30:15:56:53.597,0.196,-0.114,-0.826
2017:05:30:15:56:53.627,0.046,-0.155,-0.899
2017:05:30:15:56:53.666,0.12,-0.168,-1.022
2017:05:30:15:56:53.695,0.168,-0.184,-1.001
2017:05:30:15:56:53.733,0.07,-0.195,-1.001
2017:05:30:15:56:53.763,0.171,-0.187,-0.955
2017:05:30:15:56:53.793,0.165,-0.184,-1.047
2017:05:30:15:56:53.832,0.148,-0.227,-1.12
2017:05:30:15:56:53.860,0.1,-0.234,-1.073
2017:05:30:15:56:53.918,0.02,-0.189,-0.915
2017:05:30:15:56:53.977,0.173,-0.167,-0.906
2017:05:30:15:56:54.035,0.158,-0.119,-0.84
2017:05:30:15:56:54.093,0.093,-0.249,-0.947
2017:05:30:15:56:54.153,0.148,-0.185,-1.049
2017:05:30:15:56:54.212,0.109,-0.17,-1.07
2017:05:30:15:56:54.269,0.188,-0.159,-0.826
2017:05:30:15:56:54.327,0.132,-0.177,-0.875
2017:05:30:15:56:54.385,0.081,-0.179,-0.923
2017:05:30:15:56:54.443,0.247,-0.21,-1.134
2017:05:30:15:56:54.501,0.183,-0.162,-0.974
2017:05:30:15:56:54.560,0.165,-0.111,-1.051
2017:05:30:15:56:54.618,0.106,-0.187,-0.939
2017:05:30:15:56:54.676,0.114,-0.205,-0.952
2017:05:30:15:56:54.735,0.041,-0.206,-0.991
2017:05:30:15:56:54.793,0.212,-0.216,-1.037
2017:05:30:15:56:54.852,0.236,-0.145,-0.931
2017:05:30:15:56:54.910,0.147,-0.171,-0.925
2017:05:30:15:56:54.968,0.314,-0.176,-0.919
2017:05:30:15:56:55.027,0.305,-0.195,-0.88
2017:05:30:15:56:55.085,0.393,-0.169,-0.977
2017:05:30:15:56:55.144,0.26,-0.194,-0.872
2017:05:30:15:56:55.202,0.302,-0.174,-1.146
2017:05:30:15:56:55.261,0.206,-0.178,-0.918
2017:05:30:15:56:55.319,0.182,-0.178,-0.888
2017:05:30:15:56:55.377,0.075,-0.106,-0.871
2017:05:30:15:56:55.436,0.171,-0.182,-0.935
2017:05:30:15:56:55.494,0.194,-0.14,-0.951
2017:05:30:15:56:55.552,0.282,-0.18,-1.021
2017:05:30:15:56:55.611,0.063,-0.166,-0.881
2017:05:30:15:56:55.669,0.129,-0.191,-1.111
2017:05:30:15:56:55.728,0.037,-0.129,-0.945
2017:05:30:15:56:55.786,0.175,-0.157,-0.903
2017:05:30:15:56:55.844,0.273,-0.18,-0.987
2017:05:30:15:56:55.903,0.289,-0.194,-1.107
2017:05:30:15:56:55.961,0.427,-0.216,-0.993
2017:05:30:15:56:56.019,0.203,-0.146,-0.999
2017:05:30:15:56:56.078,0.316,-0.187,-0.997
2017:05:30:15:56:56.136,0.218,-0.204,-0.893
2017:05:30:15:56:56.196,0.386,-0.22,-1.087
2017:05:30:15:56:56.253,0.357,-0.182,-1.023
2017:05:30:15:56:56.314,0.251,-0.199,-0.975
2017:05:30:15:56:56.371,0.206,-0.12,-0.889
2017:05:30:15:56:56.429,0.111,-0.197,-0.931
2017:05:30:15:56:56.488,0.122,-0.155,-0.858
2017:05:30:15:56:56.546,0.078,-0.259,-0.927
2017:05:30:15:56:56.604,0.096,-0.204,-0.965
2017:05:30:15:56:56.662,0.028,-0.188,-1.082
2017:05:30:15:56:56.720,0.03,-0.096,-0.953
2017:05:30:15:56:56.779,0.21,-0.13,-0.92
2017:05:30:15:56:56.837,0.172,-0.174,-0.841
2017:05:30:15:56:56.896,0.184,-0.226,-1.111
2017:05:30:15:56:56.955,0.352,-0.177,-1.083
2017:05:30:15:56:57.013,0.162,-0.179,-0.989
2017:05:30:15:56:57.071,0.301,-0.238,-0.994
2017:05:30:15:56:57.130,0.179,-0.206,-0.858
2017:05:30:15:56:57.187,0.123,-0.167,-0.909
2017:05:30:15:56:57.246,0.166,-0.155,-0.975
2017:05:30:15:56:57.304,0.39,-0.173,-0.945
2017:05:30:15:56:57.363,0.213,-0.142,-0.895
2017:05:30:15:56:57.420,0.155,-0.178,-1.048
2017:05:30:15:56:57.479,0.106,-0.197,-0.853
2017:05:30:15:56:57.537,0.013,-0.218,-0.938
2017:05:30:15:56:57.597,0.093,-0.195,-0.97
2017:05:30:15:56:57.656,0.294,-0.165,-1.095
2017:05:30:15:56:57.713,0.223,-0.154,-1.039
2017:05:30:15:56:57.771,0.117,-0.182,-0.958
2017:05:30:15:56:57.830,0.182,-0.179,-0.998
2017:05:30:15:56:57.858,0.219,-0.22,-1.029
2017:05:30:15:56:57.917,0.357,-0.192,-0.877
2017:05:30:15:56:57.976,0.071,-0.217,-0.877
2017:05:30:15:56:58.034,0.084,-0.161,-0.915
2017:05:30:15:56:58.092,0.129,-0.133,-0.918
2017:05:30:15:56:58.151,0.29,-0.122,-1.056
2017:05:30:15:56:58.213,0.24,-0.171,-0.991
2017:05:30:15:56:58.268,0.179,-0.216,-1.057
2017:05:30:15:56:58.326,0.114,-0.163,-1.088
2017:05:30:15:56:58.388,0.093,-0.187,-0.993
2017:05:30:15:56:58.443,0.057,-0.181,-0.906
2017:05:30:15:56:58.502,0.158,-0.222,-1.077
2017:05:30:15:56:58.560,0.071,-0.19,-1.119
2017:05:30:15:56:58.618,0.196,-0.219,-0.818
2017:05:30:15:56:58.677,0.154,-0.187,-0.824
2017:05:30:15:56:58.735,0.229,-0.145,-0.898
2017:05:30:15:56:58.794,0.108,-0.128,-0.917
2017:05:30:15:56:58.852,0.121,-0.241,-1.071
2017:05:30:15:56:58.909,0.281,-0.163,-0.964
2017:05:30:15:56:58.968,0.128,-0.144,-0.916
2017:05:30:15:56:59.026,0.05,-0.12,-0.946
2017:05:30:15:56:59.084,0.25,-0.155,-0.929
2017:05:30:15:56:59.143,0.108,-0.158,-0.817
2017:05:30:15:56:59.201,0.094,-0.175,-0.959
2017:05:30:15:56:59.260,0.189,-0.154,-1.024
2017:05:30:15:56:59.318,0.105,-0.164,-1.078
2017:05:30:15:56:59.377,0.017,-0.201,-0.997
2017:05:30:15:56:59.435,0.012,-0.19,-1.047
2017:05:30:15:56:59.493,0.009,-0.19,-0.944
2017:05:30:15:56:59.552,0.103,-0.222,-1.046
2017:05:30:15:56:59.610,0.143,-0.216,-1
2017:05:30:15:56:59.668,0.132,-0.154,-0.893
2017:05:30:15:56:59.727,0.073,-0.19,-0.861
2017:05:30:15:56:59.786,0.238,-0.276,-1.011
2017:05:30:15:56:59.845,0.204,-0.195,-0.953
2017:05:30:15:56:59.902,0.091,-0.171,-0.963
2017:05:30:15:56:59.961,0.34,-0.158,-0.944
2017:05:30:15:57:00.019,0.342,-0.146,-0.95
2017:05:30:15:57:00.078,0.309,-0.233,-1.016
2017:05:30:15:57:00.136,0.19,-0.134,-0.989
2017:05:30:15:57:00.194,0.241,-0.145,-0.978
2017:05:30:15:57:00.253,0.104,-0.148,-0.912
2017:05:30:15:57:00.311,0.031,-0.207,-1.093
2017:05:30:15:57:00.368,0.144,-0.139,-1.037
2017:05:30:15:57:00.428,0.27,-0.149,-1.08
2017:05:30:15:57:00.486,0.094,-0.153,-0.886
2017:05:30:15:57:00.548,0.107,-0.123,-0.883
2017:05:30:15:57:00.603,0.125,-0.174,-0.976
2017:05:30:15:57:00.661,0.305,-0.217,-1.027
2017:05:30:15:57:00.720,0.222,-0.146,-0.995
2017:05:30:15:57:00.778,0.047,-0.197,-1.103
2017:05:30:15:57:00.837,0.165,-0.216,-1.02
2017:05:30:15:57:00.895,0.2,-0.128,-0.891
2017:05:30:15:57:00.953,0.361,-0.176,-0.857
2017:05:30:15:57:01.012,0.373,-0.209,-1.038
2017:05:30:15:57:01.071,0.439,-0.157,-0.991
2017:05:30:15:57:01.129,0.215,-0.161,-1.031
2017:05:30:15:57:01.187,0.251,-0.184,-1.001
2017:05:30:15:57:01.245,0.126,-0.211,-0.955
2017:05:30:15:57:01.303,0.1,-0.208,-0.984
2017:05:30:15:57:01.362,0.11,-0.192,-1.08
2017:05:30:15:57:01.422,0.172,-0.202,-0.847
2017:05:30:15:57:01.478,0.076,-0.102,-0.981
2017:05:30:15:57:01.536,-0.006,-0.165,-0.933
2017:05:30:15:57:01.595,0.137,-0.179,-0.987
2017:05:30:15:57:01.653,0.099,-0.217,-1.072
2017:05:30:15:57:01.712,0.199,-0.231,-1.141
2017:05:30:15:57:01.771,0.125,-0.193,-0.991
2017:05:30:15:57:01.829,0.03,-0.116,-1.033
2017:05:30:15:57:01.887,0.048,-0.105,-0.782
2017:05:30:15:57:01.946,0.293,-0.188,-0.822
2017:05:30:15:57:02.004,0.356,-0.203,-1.015
2017:05:30:15:57:02.063,0.446,-0.128,-0.999
2017:05:30:15:57:02.121,0.346,-0.226,-1.002
2017:05:30:15:57:02.180,0.33,-0.193,-0.988
2017:05:30:15:57:02.238,0.286,-0.146,-0.859
2017:05:30:15:57:02.296,-0.002,-0.234,-0.909
2017:05:30:15:57:02.355,0.371,-0.186,-0.882
2017:05:30:15:57:02.413,0.218,-0.166,-0.975
2017:05:30:15:57:02.473,0.164,-0.179,-0.843
2017:05:30:15:57:02.530,0.355,-0.124,-0.844
2017:05:30:15:57:02.588,0.278,-0.121,-0.871
2017:05:30:15:57:02.646,0.171,-0.194,-0.957
2017:05:30:15:57:02.705,0.11,-0.239,-1.111
2017:05:30:15:57:02.763,0.113,-0.2,-1.151
2017:05:30:15:57:02.822,0.075,-0.174,-0.992
2017:05:30:15:57:02.878,0.1,-0.174,-0.813
2017:05:30:15:57:02.939,0.172,-0.211,-1.003
2017:05:30:15:57:02.997,0.143,-0.196,-0.914
2017:05:30:15:57:03.055,0.479,-0.22,-0.926
2017:05:30:15:57:03.114,0.301,-0.117,-0.854
2017:05:30:15:57:03.172,0.391,-0.164,-0.897
2017:05:30:15:57:03.232,0.238,-0.211,-0.879
2017:05:30:15:57:03.288,0.281,-0.24,-0.931
2017:05:30:15:57:03.346,0.305,-0.184,-0.883
2017:05:30:15:57:03.405,0.231,-0.222,-0.857
2017:05:30:15:57:03.464,0.325,-0.153,-0.852
2017:05:30:15:57:03.522,0.283,-0.154,-0.82
2017:05:30:15:57:03.580,0.274,-0.168,-0.751
2017:05:30:15:57:03.638,0.267,-0.231,-1.046
2017:05:30:15:57:03.696,0.381,-0.155,-0.953
2017:05:30:15:57:03.753,0.156,-0.215,-0.887
2017:05:30:15:57:03.811,0.058,-0.152,-0.907
2017:05:30:15:57:03.870,-0.046,-0.188,-0.866
2017:05:30:15:57:03.928,0.156,-0.129,-1.011
2017:05:30:15:57:03.987,0.318,-0.163,-1.047
2017:05:30:15:57:04.044,0.223,-0.21,-0.887
2017:05:30:15:57:04.103,0.095,-0.192,-0.954
2017:05:30:15:57:04.160,0.176,-0.193,-0.999
2017:05:30:15:57:04.219,0.187,-0.209,-0.916
2017:05:30:15:57:04.277,0.269,-0.253,-0.934
2017:05:30:15:57:04.335,0.154,-0.173,-0.993
2017:05:30:15:57:04.393,0.106,-0.221,-0.94
2017:05:30:15:57:04.452,0.16,-0.171,-0.862
2017:05:30:15:57:04.510,0.158,-0.19,-0.781
2017:05:30:15:57:04.569,0.228,-0.187,-0.941
2017:05:30:15:57:04.626,0.346,-0.185,-0.992
2017:05:30:15:57:04.685,0.347,-0.124,-0.832
2017:05:30:15:57:04.743,0.316,-0.21,-0.971
2017:05:30:15:57:04.801,0.348,-0.245,-0.914
2017:05:30:15:57:04.859,0.154,-0.22,-0.962
2017:05:30:15:57:04.917,0.169,-0.193,-1.013
2017:05:30:15:57:04.975,0.098,-0.126,-0.878
2017:05:30:15:57:05.033,0.224,-0.157,-0.992
2017:05:30:15:57:05.091,0.137,-0.215,-0.966
2017:05:30:15:57:05.150,0.181,-0.181,-1.027
2017:05:30:15:57:05.208,0.213,-0.139,-1.065
2017:05:30:15:57:05.268,0.233,-0.17,-0.951
2017:05:30:15:57:05.326,0.075,-0.187,-0.791
2017:05:30:15:57:05.383,0.152,-0.156,-0.841
2017:05:30:15:57:05.440,0.16,-0.247,-0.88
2017:05:30:15:57:05.499,0.133,-0.18,-1.014
2017:05:30:15:57:05.556,0.241,-0.14,-1.05
2017:05:30:15:57:05.614,0.273,-0.164,-0.971
2017:05:30:15:57:05.672,0.22,-0.17,-0.941
2017:05:30:15:57:05.731,0.309,-0.176,-0.889
2017:05:30:15:57:05.789,0.442,-0.209,-0.985
2017:05:30:15:57:05.848,0.313,-0.193,-0.968
2017:05:30:15:57:05.906,0.272,-0.22,-1.029
2017:05:30:15:57:05.964,0.102,-0.193,-0.832
2017:05:30:15:57:06.022,0.162,-0.102,-0.84
2017:05:30:15:57:06.081,0.275,-0.202,-1.013
2017:05:30:15:57:06.138,0.242,-0.194,-0.947
2017:05:30:15:57:06.196,0.12,-0.246,-0.917
2017:05:30:15:57:06.254,0.069,-0.1,-0.89
2017:05:30:15:57:06.312,0.108,-0.164,-0.902
2017:05:30:15:57:06.372,0.045,-0.184,-0.982
2017:05:30:15:57:06.429,0.06,-0.179,-1.122
2017:05:30:15:57:06.487,0,-0.225,-1.141
2017:05:30:15:57:06.545,0.154,-0.094,-1.108
2017:05:30:15:57:06.603,-0.176,-0.181,-0.628
2017:05:30:15:57:06.661,-0.243,-0.239,-1.094
2017:05:30:15:57:06.719,0.544,-0.27,-1.326
2017:05:30:15:57:06.778,-0.09,-0.2,-0.952
2017:05:30:15:57:06.836,0.071,-0.145,-1.21
2017:05:30:15:57:06.894,0.203,-0.213,-0.793
2017:05:30:15:57:06.952,0.044,-0.251,-0.871
2017:05:30:15:57:07.011,0.031,-0.191,-0.899
2017:05:30:15:57:07.068,0.318,-0.132,-0.934
2017:05:30:15:57:07.127,0.271,-0.112,-0.855
2017:05:30:15:57:07.185,0.319,-0.18,-0.933
2017:05:30:15:57:07.243,0.326,-0.154,-0.881
2017:05:30:15:57:07.301,0.173,-0.244,-0.962
2017:05:30:15:57:07.360,0.302,-0.206,-1.138
2017:05:30:15:57:07.420,0.089,-0.176,-0.904
2017:05:30:15:57:07.477,0.214,-0.219,-1.047
2017:05:30:15:57:07.536,0.038,-0.197,-0.913
2017:05:30:15:57:07.593,0.172,-0.183,-1.06
2017:05:30:15:57:07.651,0.111,-0.195,-1.091
2017:05:30:15:57:07.710,0.218,-0.142,-1.01
2017:05:30:15:57:07.768,0.086,-0.143,-1.096
2017:05:30:15:57:07.826,0.164,-0.188,-0.93
2017:05:30:15:57:07.885,0.002,-0.091,-1.042
2017:05:30:15:57:07.943,0.008,-0.23,-0.997
2017:05:30:15:57:08.002,0.229,-0.252,-1.121
2017:05:30:15:57:08.060,0.025,-0.192,-0.869
2017:05:30:15:57:08.119,0.281,-0.176,-0.88
2017:05:30:15:57:08.178,0.268,-0.166,-0.752
2017:05:30:15:57:08.235,0.43,-0.129,-1.03
2017:05:30:15:57:08.294,0.382,-0.24,-1.126
2017:05:30:15:57:08.352,0.101,-0.194,-0.962
2017:05:30:15:57:08.410,0.165,-0.136,-1
2017:05:30:15:57:08.470,0.371,-0.212,-0.968
2017:05:30:15:57:08.527,0.159,-0.233,-0.828
2017:05:30:15:57:08.586,0.318,-0.27,-0.862
2017:05:30:15:57:08.644,0.012,-0.171,-1.069
2017:05:30:15:57:08.702,0.143,-0.192,-0.96
2017:05:30:15:57:08.761,0.29,-0.15,-1.093
2017:05:30:15:57:08.819,0.025,-0.156,-0.862
2017:05:30:15:57:08.878,0.008,-0.171,-0.974
2017:05:30:15:57:08.936,0.092,-0.259,-0.995
2017:05:30:15:57:08.994,0.152,-0.236,-1.038
2017:05:30:15:57:09.052,-0.073,-0.229,-0.999
2017:05:30:15:57:09.110,0.044,-0.182,-0.956
2017:05:30:15:57:09.169,0.033,-0.122,-0.916
2017:05:30:15:57:09.227,0.218,-0.172,-1.012
2017:05:30:15:57:09.286,0.22,-0.217,-0.969
2017:05:30:15:57:09.347,0.279,-0.175,-0.949
2017:05:30:15:57:09.402,0.249,-0.14,-0.942
2017:05:30:15:57:09.462,0.19,-0.248,-0.976
2017:05:30:15:57:09.520,0.162,-0.209,-0.872
2017:05:30:15:57:09.578,0.313,-0.187,-0.993
2017:05:30:15:57:09.636,0.162,-0.253,-0.921
2017:05:30:15:57:09.696,0.403,-0.157,-0.858
2017:05:30:15:57:09.753,0.263,-0.124,-0.885
2017:05:30:15:57:09.811,0.187,-0.136,-0.941
2017:05:30:15:57:09.870,0.434,-0.142,-1.017
2017:05:30:15:57:09.929,0.219,-0.206,-1.044
2017:05:30:15:57:09.987,0.274,-0.243,-1.257
2017:05:30:15:57:10.046,-0.058,-0.157,-0.961
2017:05:30:15:57:10.104,-0.126,-0.182,-0.977
2017:05:30:15:57:10.162,0.086,-0.19,-0.94
2017:05:30:15:57:10.221,0.076,-0.272,-0.94
2017:05:30:15:57:10.282,0.17,-0.209,-0.985
2017:05:30:15:57:10.336,0.299,-0.238,-1.031
2017:05:30:15:57:10.396,0.292,-0.166,-1.096
2017:05:30:15:57:10.454,0.242,-0.232,-0.918
2017:05:30:15:57:10.512,0.386,-0.187,-0.838
2017:05:30:15:57:10.572,0.35,-0.209,-0.924
2017:05:30:15:57:10.632,0.309,-0.226,-0.943
2017:05:30:15:57:10.688,0.15,-0.164,-0.981
2017:05:30:15:57:10.747,0.215,-0.204,-1.079
2017:05:30:15:57:10.804,0.086,-0.16,-0.778
2017:05:30:15:57:10.862,0.08,-0.238,-1.02
2017:05:30:15:57:10.921,0.033,-0.148,-0.994
2017:05:30:15:57:10.979,0.14,-0.2,-0.971
2017:05:30:15:57:11.038,0.039,-0.128,-0.845
2017:05:30:15:57:11.098,0.276,-0.13,-1.021
2017:05:30:15:57:11.155,0.175,-0.184,-0.911
2017:05:30:15:57:11.214,0.108,-0.231,-1.024
2017:05:30:15:57:11.271,0.238,-0.192,-0.932
2017:05:30:15:57:11.330,0.21,-0.234,-0.786
2017:05:30:15:57:11.388,0.285,-0.223,-1.082
2017:05:30:15:57:11.447,0.109,-0.176,-0.894
2017:05:30:15:57:11.507,0.284,-0.199,-0.949
2017:05:30:15:57:11.563,0.189,-0.21,-0.854
2017:05:30:15:57:11.624,0.317,-0.088,-0.953
2017:05:30:15:57:11.680,0.258,-0.157,-0.923
2017:05:30:15:57:11.739,0.249,-0.268,-1.063
2017:05:30:15:57:11.797,0.205,-0.182,-1.02
2017:05:30:15:57:11.855,0.09,-0.23,-1.069
2017:05:30:15:57:11.914,0.122,-0.149,-0.913
2017:05:30:15:57:11.972,0.066,-0.153,-0.884
2017:05:30:15:57:12.031,0.245,-0.209,-1.07
2017:05:30:15:57:12.089,0.112,-0.178,-0.885
2017:05:30:15:57:12.147,0.259,-0.161,-1.043
2017:05:30:15:57:12.206,0.191,-0.183,-1.231
2017:05:30:15:57:12.264,0.04,-0.172,-0.862
2017:05:30:15:57:12.322,-0.015,-0.251,-0.982
2017:05:30:15:57:12.381,0.152,-0.232,-0.996
2017:05:30:15:57:12.439,-0.08,-0.202,-0.81
2017:05:30:15:57:12.497,-0.062,-0.24,-1.068
2017:05:30:15:57:12.556,0.063,-0.134,-0.914
2017:05:30:15:57:12.614,0.137,-0.212,-0.93
2017:05:30:15:57:12.674,0.389,-0.229,-1.09
2017:05:30:15:57:12.731,0.11,-0.195,-1.007
2017:05:30:15:57:12.790,0.178,-0.117,-0.88
2017:05:30:15:57:12.848,0.109,-0.191,-0.956
2017:05:30:15:57:12.906,0.15,-0.192,-0.97
2017:05:30:15:57:12.965,0.163,-0.165,-1.002
2017:05:30:15:57:13.023,0.225,-0.205,-1.082
2017:05:30:15:57:13.081,0.057,-0.199,-0.949
2017:05:30:15:57:13.139,0.016,-0.25,-0.882
2017:05:30:15:57:13.198,0.132,-0.182,-0.966
2017:05:30:15:57:13.256,0.168,-0.242,-0.904
2017:05:30:15:57:13.315,0.304,-0.178,-1.087
2017:05:30:15:57:13.373,0.176,-0.171,-0.933
2017:05:30:15:57:13.433,0.112,-0.165,-0.783
2017:05:30:15:57:13.490,0.097,-0.206,-0.929
2017:05:30:15:57:13.549,0.212,-0.24,-0.994
2017:05:30:15:57:13.611,0.162,-0.199,-0.929
2017:05:30:15:57:13.665,0.321,-0.164,-0.976
2017:05:30:15:57:13.724,0.183,-0.129,-0.909
2017:05:30:15:57:13.782,0.313,-0.237,-0.969
2017:05:30:15:57:13.840,0.198,-0.142,-1.044
2017:05:30:15:57:13.899,0.118,-0.167,-0.881
2017:05:30:15:57:13.957,0.19,-0.167,-1.016
2017:05:30:15:57:14.016,0.017,-0.212,-0.905
2017:05:30:15:57:14.074,0.152,-0.206,-1.129
2017:05:30:15:57:14.132,0.075,-0.224,-1.081
2017:05:30:15:57:14.191,0.095,-0.125,-0.877
2017:05:30:15:57:14.249,0.055,-0.159,-0.865
2017:05:30:15:57:14.308,0.148,-0.199,-0.899
2017:05:30:15:57:14.366,0.195,-0.236,-1.085
2017:05:30:15:57:14.424,0.074,-0.233,-0.791
2017:05:30:15:57:14.482,0.021,-0.182,-1.033
2017:05:30:15:57:14.541,0.281,-0.124,-0.982
2017:05:30:15:57:14.600,0.169,-0.193,-0.947
2017:05:30:15:57:14.658,0.248,-0.188,-1.18
2017:05:30:15:57:14.719,0.275,-0.148,-1.107
2017:05:30:15:57:14.776,0.114,-0.145,-1.033
2017:05:30:15:57:14.833,0.164,-0.224,-1.047
2017:05:30:15:57:14.892,0.119,-0.248,-0.98
2017:05:30:15:57:14.950,0.021,-0.185,-0.954
2017:05:30:15:57:15.009,-0.079,-0.141,-0.991
2017:05:30:15:57:15.067,0.146,-0.193,-0.954
2017:05:30:15:57:15.125,0.117,-0.136,-0.904
2017:05:30:15:57:15.184,0.162,-0.217,-1.058
2017:05:30:15:57:15.242,0.185,-0.223,-1.115
2017:05:30:15:57:15.300,0.003,-0.169,-1.1
2017:05:30:15:57:15.359,0.143,-0.161,-0.903
2017:05:30:15:57:15.417,0.252,-0.207,-1.011
2017:05:30:15:57:15.476,0.346,-0.224,-0.907
2017:05:30:15:57:15.533,0.182,-0.229,-0.846
2017:05:30:15:57:15.592,0.196,-0.18,-0.935
2017:05:30:15:57:15.650,0.343,-0.196,-1.038
2017:05:30:15:57:15.708,0.551,-0.148,-1.076
2017:05:30:15:57:15.767,0.341,-0.183,-0.847
2017:05:30:15:57:15.827,0.168,-0.152,-0.991
2017:05:30:15:57:15.884,0.241,-0.109,-0.927
2017:05:30:15:57:15.943,0.059,-0.252,-0.793
2017:05:30:15:57:16.001,0.254,-0.243,-0.892
2017:05:30:15:57:16.060,0.321,-0.285,-0.916
2017:05:30:15:57:16.118,0.265,-0.186,-0.886
2017:05:30:15:57:16.177,0.221,-0.205,-0.81
2017:05:30:15:57:16.235,0.101,-0.105,-0.767
2017:05:30:15:57:16.293,0.348,-0.242,-0.849
2017:05:30:15:57:16.352,0.467,-0.118,-0.947
2017:05:30:15:57:16.410,0.283,-0.162,-0.912
2017:05:30:15:57:16.468,0.255,-0.234,-1.166
2017:05:30:15:57:16.527,0.234,-0.177,-0.957
2017:05:30:15:57:16.585,0.059,-0.194,-0.983
2017:05:30:15:57:16.643,0.32,-0.222,-0.909
2017:05:30:15:57:16.702,0.125,-0.235,-0.888
2017:05:30:15:57:16.760,0.064,-0.123,-0.883
2017:05:30:15:57:16.819,0.147,-0.213,-0.814
2017:05:30:15:57:16.879,0.192,-0.157,-1.023
2017:05:30:15:57:16.936,0.133,-0.232,-0.886
2017:05:30:15:57:16.994,0.416,-0.155,-0.945
2017:05:30:15:57:17.052,0.186,-0.088,-0.973
2017:05:30:15:57:17.110,0.11,-0.231,-1.064
2017:05:30:15:57:17.169,-0.025,-0.208,-0.935
2017:05:30:15:57:17.228,-0.014,-0.168,-0.885
2017:05:30:15:57:17.287,0.104,-0.215,-0.946
2017:05:30:15:57:17.344,0.033,-0.205,-0.969
2017:05:30:15:57:17.403,-0.023,-0.2,-0.814
2017:05:30:15:57:17.461,0.21,-0.203,-0.984
2017:05:30:15:57:17.520,0.097,-0.136,-0.897
2017:05:30:15:57:17.579,0.161,-0.138,-0.932
2017:05:30:15:57:17.636,0.39,-0.11,-1.136
2017:05:30:15:57:17.695,0.27,-0.256,-1.264
2017:05:30:15:57:17.753,0.285,-0.233,-1.069
2017:05:30:15:57:17.810,0.032,-0.163,-0.802
2017:05:30:15:57:17.871,-0.02,-0.164,-0.894
2017:05:30:15:57:17.929,0.182,-0.147,-0.817
2017:05:30:15:57:17.987,0.165,-0.187,-0.932
2017:05:30:15:57:18.045,0.244,-0.161,-1.026
2017:05:30:15:57:18.104,0.455,-0.168,-1.02
2017:05:30:15:57:18.162,0.174,-0.209,-0.775
2017:05:30:15:57:18.220,0.205,-0.103,-1.036
2017:05:30:15:57:18.279,0.364,-0.14,-1
2017:05:30:15:57:18.337,0.23,-0.193,-1.05
2017:05:30:15:57:18.396,0.255,-0.248,-1.042
2017:05:30:15:57:18.458,0.237,-0.098,-1.024
2017:05:30:15:57:18.512,0.282,-0.241,-1.008
2017:05:30:15:57:18.571,0.234,-0.2,-0.956
2017:05:30:15:57:18.629,0.331,-0.195,-1
2017:05:30:15:57:18.688,0.01,-0.196,-0.818
2017:05:30:15:57:18.746,0.449,-0.119,-0.97
2017:05:30:15:57:18.804,0.246,-0.161,-0.946
2017:05:30:15:57:18.863,0.174,-0.181,-1.094
2017:05:30:15:57:18.921,0.209,-0.091,-1.107
2017:05:30:15:57:18.982,0.013,-0.156,-1.001
2017:05:30:15:57:19.038,0.128,-0.228,-0.961
2017:05:30:15:57:19.097,0.157,-0.185,-0.832
2017:05:30:15:57:19.155,-0.001,-0.228,-0.994
2017:05:30:15:57:19.215,0.091,-0.178,-0.967
2017:05:30:15:57:19.272,0.082,-0.22,-1.013
2017:05:30:15:57:19.331,0.168,-0.129,-1.062
2017:05:30:15:57:19.388,0.285,-0.184,-0.955
2017:05:30:15:57:19.448,-0.036,-0.263,-0.995
2017:05:30:15:57:19.505,0.059,-0.175,-0.987
2017:05:30:15:57:19.564,0.076,-0.125,-0.937
2017:05:30:15:57:19.622,0.076,-0.2,-0.967
2017:05:30:15:57:19.680,0.135,-0.194,-1.027
2017:05:30:15:57:19.739,0.118,-0.15,-0.896
2017:05:30:15:57:19.804,0.029,-0.225,-0.935
2017:05:30:15:57:19.856,0.146,-0.13,-0.79
2017:05:30:15:57:19.914,0.225,-0.186,-0.827
2017:05:30:15:57:19.972,0.198,-0.222,-1.064
2017:05:30:15:57:20.032,0.177,-0.146,-0.955
2017:05:30:15:57:20.089,0.178,-0.164,-1.128
2017:05:30:15:57:20.148,0.192,-0.213,-0.891
2017:05:30:15:57:20.205,0.155,-0.058,-0.915
2017:05:30:15:57:20.264,0.206,-0.223,-0.677
2017:05:30:15:57:20.323,0.447,-0.266,-1.026
2017:05:30:15:57:20.381,0.299,-0.191,-0.963
2017:05:30:15:57:20.440,0.298,-0.178,-0.759
2017:05:30:15:57:20.498,0.125,-0.109,-0.798
2017:05:30:15:57:20.556,0.217,-0.091,-0.981
2017:05:30:15:57:20.616,0.282,-0.175,-0.989
2017:05:30:15:57:20.673,0.295,-0.163,-1.044
2017:05:30:15:57:20.732,0.234,-0.219,-0.967
2017:05:30:15:57:20.790,0.327,-0.228,-0.916
2017:05:30:15:57:20.848,0.288,-0.168,-0.835
2017:05:30:15:57:20.907,0.128,-0.227,-0.825
2017:05:30:15:57:20.965,0.207,-0.207,-0.857
2017:05:30:15:57:21.024,0.185,-0.23,-0.892
2017:05:30:15:57:21.084,0.432,-0.141,-1.024
2017:05:30:15:57:21.141,0.24,-0.172,-0.95
2017:05:30:15:57:21.199,0.17,-0.189,-1.032
2017:05:30:15:57:21.258,0.171,-0.246,-1.023
2017:05:30:15:57:21.316,0.089,-0.195,-0.949
2017:05:30:15:57:21.374,0.236,-0.187,-0.949
2017:05:30:15:57:21.433,0.256,-0.159,-0.865
2017:05:30:15:57:21.491,0.218,-0.18,-0.812
2017:05:30:15:57:21.550,0.317,-0.189,-0.884
2017:05:30:15:57:21.608,0.225,-0.114,-0.889
2017:05:30:15:57:21.666,0.184,-0.192,-1.087
2017:05:30:15:57:21.724,0.262,-0.184,-0.948
2017:05:30:15:57:21.783,0.22,-0.193,-1.171
2017:05:30:15:57:21.841,0.199,-0.197,-1.006
2017:05:30:15:57:21.899,0.118,-0.182,-0.908
2017:05:30:15:57:21.957,0.17,-0.134,-0.804
2017:05:30:15:57:22.017,0.074,-0.202,-0.892
2017:05:30:15:57:22.075,0.239,-0.144,-0.956
2017:05:30:15:57:22.135,0.177,-0.135,-1.049
2017:05:30:15:57:22.192,0.332,-0.221,-0.81
2017:05:30:15:57:22.251,0.198,-0.238,-0.905
2017:05:30:15:57:22.308,0.031,-0.175,-0.888
2017:05:30:15:57:22.367,-0.029,-0.166,-0.873
2017:05:30:15:57:22.425,0.307,-0.119,-1.003
2017:05:30:15:57:22.484,0.235,-0.193,-0.881
2017:05:30:15:57:22.542,0.336,-0.21,-1.048
2017:05:30:15:57:22.600,0.235,-0.164,-0.747
2017:05:30:15:57:22.659,0.245,-0.196,-0.834
2017:05:30:15:57:22.717,0.22,-0.233,-1.038
2017:05:30:15:57:22.774,0.203,-0.213,-0.907
2017:05:30:15:57:22.834,0.252,-0.161,-0.723
2017:05:30:15:57:22.892,0.212,-0.213,-1.018
2017:05:30:15:57:22.950,0.266,-0.213,-0.853
2017:05:30:15:57:23.009,0.048,-0.2,-1.086
2017:05:30:15:57:23.068,0.2,-0.17,-0.999
2017:05:30:15:57:23.126,0.124,-0.134,-0.723
2017:05:30:15:57:23.186,0.322,-0.191,-0.863
2017:05:30:15:57:23.243,0.217,-0.181,-0.88
2017:05:30:15:57:23.301,0.179,-0.202,-0.91
2017:05:30:15:57:23.360,0.19,-0.175,-1.05
2017:05:30:15:57:23.418,0.138,-0.148,-1.068
2017:05:30:15:57:23.478,0.012,-0.114,-0.786
2017:05:30:15:57:23.535,-0.063,-0.139,-0.776
2017:05:30:15:57:23.593,0.187,-0.264,-0.953
2017:05:30:15:57:23.651,0.154,-0.214,-1.153
2017:05:30:15:57:23.710,0.193,-0.143,-0.999
2017:05:30:15:57:23.789,0.12,-0.2,-0.77
2017:05:30:15:57:23.817,0.124,-0.216,-1.068
2017:05:30:15:57:23.855,0.147,-0.237,-0.817
2017:05:30:15:57:23.885,0.121,-0.188,-1.097
2017:05:30:15:57:23.914,-0.007,-0.146,-0.696
2017:05:30:15:57:23.953,0.212,-0.142,-0.86
2017:05:30:15:57:23.982,0.171,-0.248,-0.938
2017:05:30:15:57:24.021,0.133,-0.198,-1.019
2017:05:30:15:57:24.051,0.093,-0.214,-0.884
2017:05:30:15:57:24.080,0.063,-0.166,-1.019
2017:05:30:15:57:24.118,0.103,-0.227,-0.827
2017:05:30:15:57:24.148,0.466,-0.182,-1.033
2017:05:30:15:57:24.214,0.295,-0.189,-1.022
2017:05:30:15:57:24.265,0.189,-0.229,-1.041
2017:05:30:15:57:24.323,0.238,-0.137,-1.006
2017:05:30:15:57:24.381,0.186,-0.259,-0.794
2017:05:30:15:57:24.450,0.126,-0.223,-1.066
2017:05:30:15:57:24.498,0.162,-0.202,-1.088
2017:05:30:15:57:24.556,0.218,-0.233,-0.864
2017:05:30:15:57:24.615,0.355,-0.149,-0.87
2017:05:30:15:57:24.673,0.274,-0.203,-0.949
2017:05:30:15:57:24.732,0.362,-0.191,-1.069
2017:05:30:15:57:24.791,0.049,-0.183,-0.882
2017:05:30:15:57:24.848,-0.032,-0.204,-0.983
2017:05:30:15:57:24.907,0.172,-0.261,-1.011
2017:05:30:15:57:24.965,0.078,-0.17,-0.93
2017:05:30:15:57:25.025,0.127,-0.184,-0.971
2017:05:30:15:57:25.082,0.106,-0.111,-0.897
2017:05:30:15:57:25.140,0.42,-0.14,-1.035
2017:05:30:15:57:25.199,0.196,-0.158,-0.998
2017:05:30:15:57:25.258,0.136,-0.206,-0.853
2017:05:30:15:57:25.316,-0.042,-0.221,-0.978
2017:05:30:15:57:25.374,0.187,-0.224,-1.123
2017:05:30:15:57:25.432,0.097,-0.109,-0.95
2017:05:30:15:57:25.492,0.097,-0.234,-0.878
2017:05:30:15:57:25.549,0.095,-0.192,-1.019
2017:05:30:15:57:25.608,0.139,-0.219,-0.831
2017:05:30:15:57:25.666,0.249,-0.162,-1.067
2017:05:30:15:57:25.725,0.264,-0.155,-1.038
2017:05:30:15:57:25.783,0.164,-0.105,-1.04
2017:05:30:15:57:25.841,0.153,-0.182,-1.025
2017:05:30:15:57:25.900,0.248,-0.215,-0.847
2017:05:30:15:57:25.959,0.183,-0.259,-0.913
2017:05:30:15:57:26.018,0.041,-0.221,-1.071
2017:05:30:15:57:26.075,0.125,-0.08,-0.85
2017:05:30:15:57:26.134,0.085,-0.179,-0.972
2017:05:30:15:57:26.193,0.142,-0.125,-0.865
2017:05:30:15:57:26.251,0.178,-0.198,-0.877
2017:05:30:15:57:26.310,0.159,-0.137,-1.136
2017:05:30:15:57:26.367,0.224,-0.182,-1.196
2017:05:30:15:57:26.426,0.013,-0.168,-0.925
2017:05:30:15:57:26.483,-0.045,-0.184,-0.776
2017:05:30:15:57:26.542,0.024,-0.28,-0.911
2017:05:30:15:57:26.600,0.11,-0.182,-1.026
2017:05:30:15:57:26.659,0.15,-0.21,-1.046
2017:05:30:15:57:26.717,0.151,-0.202,-1.091
2017:05:30:15:57:26.777,0.365,-0.172,-1.07
2017:05:30:15:57:26.835,0.297,-0.159,-0.777
2017:05:30:15:57:26.893,0.204,-0.18,-0.992
2017:05:30:15:57:26.951,0.152,-0.285,-0.93
2017:05:30:15:57:27.010,0.147,-0.24,-1.209
2017:05:30:15:57:27.068,0.137,-0.164,-0.76
2017:05:30:15:57:27.127,0.081,-0.208,-0.901
2017:05:30:15:57:27.185,0.245,-0.124,-0.88
2017:05:30:15:57:27.244,0.077,-0.251,-0.778
2017:05:30:15:57:27.303,0.096,-0.194,-1.105
2017:05:30:15:57:27.361,0.184,-0.175,-1.096
2017:05:30:15:57:27.418,0.395,-0.088,-0.971
2017:05:30:15:57:27.477,0.18,-0.207,-1.106
2017:05:30:15:57:27.535,-0.063,-0.24,-0.892
2017:05:30:15:57:27.594,0.14,-0.181,-0.922
2017:05:30:15:57:27.652,-0.043,-0.288,-0.962
2017:05:30:15:57:27.710,0.022,-0.156,-0.883
2017:05:30:15:57:27.768,0.264,-0.207,-0.946
2017:05:30:15:57:27.827,0.26,-0.203,-0.783
2017:05:30:15:57:27.856,0.279,-0.214,-1.042
2017:05:30:15:57:27.915,0.099,-0.215,-1.006
2017:05:30:15:57:27.973,0.309,-0.19,-0.759
2017:05:30:15:57:28.032,0.154,-0.256,-0.786
2017:05:30:15:57:28.090,0.304,-0.218,-0.724
2017:05:30:15:57:28.148,0.153,-0.11,-0.977
2017:05:30:15:57:28.207,0.282,-0.16,-0.99
2017:05:30:15:57:28.265,0.108,-0.071,-0.972
2017:05:30:15:57:28.324,-0.139,-0.197,-1.012
2017:05:30:15:57:28.383,0.216,-0.333,-0.982
2017:05:30:15:57:28.440,0.073,-0.207,-0.946
2017:05:30:15:57:28.499,0.003,-0.207,-1.008
2017:05:30:15:57:28.557,0.292,-0.172,-0.762
2017:05:30:15:57:28.616,0.301,-0.179,-0.901
2017:05:30:15:57:28.674,0.269,-0.212,-0.911
2017:05:30:15:57:28.732,0.465,-0.103,-0.998
2017:05:30:15:57:28.791,0.262,-0.182,-1.045
2017:05:30:15:57:28.849,0.209,-0.266,-0.975
2017:05:30:15:57:28.908,0.393,-0.248,-1.1
2017:05:30:15:57:28.967,0.291,-0.237,-0.923
2017:05:30:15:57:29.025,0.183,-0.177,-0.818
2017:05:30:15:57:29.084,0.277,-0.262,-0.759
2017:05:30:15:57:29.142,0.152,-0.192,-0.753
2017:05:30:15:57:29.200,0.205,-0.178,-0.886
2017:05:30:15:57:29.258,0.284,-0.182,-1.021
2017:05:30:15:57:29.316,0.256,-0.208,-1.125
2017:05:30:15:57:29.375,0.201,-0.178,-0.758
2017:05:30:15:57:29.435,0.341,-0.161,-1.033
2017:05:30:15:57:29.493,0.334,-0.16,-0.869
2017:05:30:15:57:29.550,0.534,-0.103,-1.084
2017:05:30:15:57:29.609,0.525,-0.176,-1.226
2017:05:30:15:57:29.667,0.463,-0.177,-0.98
2017:05:30:15:57:29.726,0.5,-0.118,-1.064
2017:05:30:15:57:29.784,0.355,-0.257,-0.798
2017:05:30:15:57:29.842,0.429,-0.17,-0.91
2017:05:30:15:57:29.901,0.208,-0.204,-0.848
2017:05:30:15:57:29.959,0.295,-0.254,-1.042
2017:05:30:15:57:30.018,0.258,-0.14,-0.959
2017:05:30:15:57:30.077,0.081,-0.128,-0.86
2017:05:30:15:57:30.134,0.174,-0.239,-0.871
2017:05:30:15:57:30.193,0.118,-0.212,-0.866
2017:05:30:15:57:30.250,0.171,-0.285,-0.836
2017:05:30:15:57:30.310,0.114,-0.161,-0.755
2017:05:30:15:57:30.368,0.255,-0.147,-1.018
2017:05:30:15:57:30.427,0.29,-0.132,-1.079
2017:05:30:15:57:30.486,0.188,-0.212,-0.922
2017:05:30:15:57:30.543,0.229,-0.146,-1.02
2017:05:30:15:57:30.602,0.285,-0.237,-1.063
2017:05:30:15:57:30.660,0.09,-0.209,-0.815
2017:05:30:15:57:30.719,0.218,-0.322,-0.939
2017:05:30:15:57:30.778,0.296,-0.177,-0.953
2017:05:30:15:57:30.835,0.03,-0.189,-0.808
2017:05:30:15:57:30.895,0.218,-0.213,-0.925
2017:05:30:15:57:30.952,0.249,-0.186,-0.823
2017:05:30:15:57:31.011,0.238,-0.149,-0.962
2017:05:30:15:57:31.069,0.128,-0.2,-1.045
2017:05:30:15:57:31.128,0.033,-0.224,-0.975
2017:05:30:15:57:31.186,-0.069,-0.168,-0.979
2017:05:30:15:57:31.245,0.242,-0.137,-0.884
2017:05:30:15:57:31.303,0.18,-0.221,-0.801
2017:05:30:15:57:31.368,0.008,-0.23,-0.915
2017:05:30:15:57:31.419,-0.034,-0.122,-0.94
2017:05:30:15:57:31.478,0.316,-0.243,-1.019
2017:05:30:15:57:31.537,0.539,-0.155,-1.207
2017:05:30:15:57:31.595,0.268,-0.185,-0.915
2017:05:30:15:57:31.653,0.298,-0.201,-1.13
2017:05:30:15:57:31.715,0.156,-0.197,-1.101
2017:05:30:15:57:31.770,0.059,-0.149,-0.903
2017:05:30:15:57:31.828,0.018,-0.202,-0.905
2017:05:30:15:57:31.887,0.198,-0.204,-0.929
2017:05:30:15:57:31.945,0.203,-0.19,-0.911
2017:05:30:15:57:32.004,0.08,-0.203,-0.88
2017:05:30:15:57:32.062,0.139,-0.062,-0.928
2017:05:30:15:57:32.120,0.248,-0.161,-0.821
2017:05:30:15:57:32.179,0.302,-0.116,-0.982
2017:05:30:15:57:32.237,0.314,-0.199,-1.104
2017:05:30:15:57:32.299,0.216,-0.203,-1.025
2017:05:30:15:57:32.354,0.322,-0.18,-1.219
2017:05:30:15:57:32.412,0.283,-0.198,-0.885
2017:05:30:15:57:32.471,0.06,-0.258,-0.948
2017:05:30:15:57:32.528,0.142,-0.192,-0.906
2017:05:30:15:57:32.587,0.054,-0.216,-0.961
2017:05:30:15:57:32.645,0.147,-0.15,-0.815
2017:05:30:15:57:32.704,0.006,-0.193,-0.968
2017:05:30:15:57:32.762,0.22,-0.226,-1.017
2017:05:30:15:57:32.822,0.122,-0.124,-0.936
2017:05:30:15:57:32.880,0.142,-0.172,-1.003
2017:05:30:15:57:32.938,0.256,-0.196,-0.855
2017:05:30:15:57:32.997,0.119,-0.216,-0.795
2017:05:30:15:57:33.055,0.154,-0.158,-0.867
2017:05:30:15:57:33.114,0.059,-0.229,-0.956
2017:05:30:15:57:33.172,0.04,-0.151,-0.844
2017:05:30:15:57:33.230,0.115,-0.187,-0.99
2017:05:30:15:57:33.289,0.351,-0.18,-1.034
2017:05:30:15:57:33.350,0.093,-0.215,-0.895
2017:05:30:15:57:33.405,0.327,-0.121,-1.039
2017:05:30:15:57:33.464,0.27,-0.157,-0.988
2017:05:30:15:57:33.522,0.301,-0.308,-1.013
2017:05:30:15:57:33.585,0.337,-0.23,-1.033
2017:05:30:15:57:33.639,0.187,-0.184,-1.039
2017:05:30:15:57:33.697,0.328,-0.154,-0.782
2017:05:30:15:57:33.755,0.14,-0.238,-0.926
2017:05:30:15:57:33.814,0.141,-0.136,-0.879
2017:05:30:15:57:33.872,0.067,-0.21,-0.892
2017:05:30:15:57:33.931,0.091,-0.22,-0.789
2017:05:30:15:57:33.990,0.096,-0.159,-1.028
2017:05:30:15:57:34.053,0.116,-0.173,-0.936
2017:05:30:15:57:34.106,0.102,-0.168,-0.992
2017:05:30:15:57:34.164,-0.006,-0.139,-1.049
2017:05:30:15:57:34.222,0.188,-0.193,-0.769
2017:05:30:15:57:34.283,0.168,-0.228,-0.893
2017:05:30:15:57:34.339,0.173,-0.213,-0.918
2017:05:30:15:57:34.586,0.04,-0.134,-1.01
2017:05:30:15:57:34.588,0.261,-0.133,-0.956
2017:05:30:15:57:34.592,0.272,-0.248,-1.179
2017:05:30:15:57:34.596,0.494,-0.178,-1.034
2017:05:30:15:57:34.631,0.088,-0.204,-1.038
2017:05:30:15:57:34.690,0.065,-0.144,-1.091
2017:05:30:15:57:34.748,0.321,-0.134,-0.947
2017:05:30:15:57:34.806,-0.048,-0.249,-0.979
2017:05:30:15:57:34.865,0.044,-0.164,-0.941
2017:05:30:15:57:34.924,0.104,-0.163,-0.875
2017:05:30:15:57:34.982,0.165,-0.221,-0.94
2017:05:30:15:57:35.040,0.219,-0.23,-1.128
2017:05:30:15:57:35.098,0.118,-0.145,-0.954
2017:05:30:15:57:35.157,0.222,-0.099,-0.915
2017:05:30:15:57:35.215,0.43,-0.205,-0.935
2017:05:30:15:57:35.274,0.357,-0.165,-1.024
2017:05:30:15:57:35.332,0.197,-0.19,-0.966
2017:05:30:15:57:35.391,0.193,-0.173,-1.034
2017:05:30:15:57:35.449,-0.06,-0.215,-0.875
2017:05:30:15:57:35.507,0.251,-0.233,-0.957
2017:05:30:15:57:35.565,0.094,-0.154,-1.023
2017:05:30:15:57:35.624,0.027,-0.174,-0.861
2017:05:30:15:57:35.682,0.067,-0.193,-0.963
2017:05:30:15:57:35.741,0.181,-0.185,-0.935
2017:05:30:16:09:50.723,0.126,-0.187,-0.911
2017:05:30:16:09:50.730,0.307,-0.224,-0.872
2017:05:30:16:09:50.736,0.252,-0.118,-0.922
2017:05:30:16:09:50.741,0.347,-0.211,-1.042
2017:05:30:16:09:50.746,0.438,-0.153,-0.995
2017:05:30:16:09:50.751,0.241,-0.181,-0.987
2017:05:30:16:09:50.782,0.273,-0.212,-1.003
2017:05:30:16:09:50.786,0.26,-0.213,-0.948
2017:05:30:16:09:50.913,0.301,-0.177,-0.965
2017:05:30:16:09:50.932,0.155,-0.184,-0.914
2017:05:30:16:09:50.936,0.118,-0.155,-0.867
2017:05:30:16:09:50.945,0.271,-0.167,-0.978
2017:05:30:16:09:50.950,0.407,-0.204,-1.017
2017:05:30:16:09:50.963,0.106,-0.189,-0.879
2017:05:30:16:09:50.968,0.156,-0.164,-1.097
2017:05:30:16:09:50.980,0.083,-0.099,-0.792
2017:05:30:16:09:50.985,0.133,-0.211,-0.877
2017:05:30:16:09:50.997,0.268,-0.239,-0.877
2017:05:30:16:09:51.001,0.136,-0.195,-0.984
2017:05:30:16:09:51.016,0.218,-0.17,-0.908
2017:05:30:16:09:51.021,0.283,-0.205,-0.916
2017:05:30:16:09:51.031,0.19,-0.148,-0.918
2017:05:30:16:09:51.036,0.233,-0.158,-0.927
2017:05:30:16:09:51.097,0.456,-0.133,-0.943
2017:05:30:16:09:51.102,0.193,-0.16,-0.888
2017:05:30:16:09:51.114,0.26,-0.224,-1.046
2017:05:30:16:09:51.125,0.229,-0.218,-0.99
2017:05:30:16:09:51.129,0.006,-0.14,-1.035
2017:05:30:16:09:51.147,0.327,-0.162,-0.912
2017:05:30:16:09:51.153,0.121,-0.229,-0.861
2017:05:30:16:09:51.163,0.166,-0.153,-1.072
2017:05:30:16:09:51.168,0.144,-0.228,-0.858
2017:05:30:16:09:51.180,0.121,-0.138,-0.896
2017:05:30:16:09:51.186,0.194,-0.227,-0.877
2017:05:30:16:09:51.195,0.503,-0.19,-0.939
2017:05:30:16:09:51.199,0.291,-0.133,-0.986
2017:05:30:16:09:51.211,0.268,-0.14,-1.136
2017:05:30:16:09:51.216,0.301,-0.145,-0.948
2017:05:30:16:09:51.228,0.063,-0.232,-1.1
2017:05:30:16:09:51.233,0.096,-0.156,-0.999
2017:05:30:16:09:51.244,0.148,-0.185,-0.859
2017:05:30:16:09:51.252,0.165,-0.142,-0.906
2017:05:30:16:09:51.261,0.259,-0.206,-0.99
2017:05:30:16:09:51.265,0.163,-0.099,-1.03
2017:05:30:16:09:51.279,0.18,-0.189,-0.951
2017:05:30:16:09:51.284,0.394,-0.164,-1.126
2017:05:30:16:09:51.296,0.26,-0.213,-0.788
2017:05:30:16:09:51.300,0.276,-0.185,-1.048
2017:05:30:16:09:51.312,0.246,-0.215,-0.937
2017:05:30:16:09:51.321,0.237,-0.234,-0.98
2017:05:30:16:09:51.332,0.315,-0.166,-0.923
2017:05:30:16:09:51.334,0.209,-0.198,-1.019
2017:05:30:16:09:51.339,0.217,-0.168,-0.934
2017:05:30:16:09:51.345,0.178,-0.187,-0.947
2017:05:30:16:09:51.348,0.105,-0.076,-0.852
2017:05:30:16:09:51.354,0.166,-0.139,-0.763
2017:05:30:16:09:51.358,0.426,-0.147,-0.969
2017:05:30:16:09:51.364,0.254,-0.179,-0.998
2017:05:30:16:09:51.386,0.192,-0.212,-1.018
2017:05:30:16:09:51.389,0.008,-0.155,-0.854
2017:05:30:16:09:51.395,0.101,-0.195,-0.94
2017:05:30:16:09:51.398,0.088,-0.132,-0.807
2017:05:30:16:09:51.401,0.225,-0.19,-0.944
2017:05:30:16:09:51.404,0.17,-0.166,-0.891
2017:05:30:16:09:51.410,0.475,-0.148,-0.872
2017:05:30:16:09:51.445,0.318,-0.173,-0.929
2017:05:30:16:09:51.450,0.281,-0.164,-1.002
2017:05:30:16:09:51.454,0.546,-0.135,-1.028
2017:05:30:16:09:51.461,0.489,-0.173,-1.122
2017:05:30:16:09:51.465,0.25,-0.164,-0.964
2017:05:30:16:09:51.478,0.287,-0.169,-0.78
2017:05:30:16:09:51.483,0.266,-0.278,-1.042
2017:05:30:16:09:51.494,0.029,-0.176,-0.865
2017:05:30:16:09:51.499,0.107,-0.205,-0.867
2017:05:30:16:09:51.511,0.117,-0.233,-0.876
2017:05:30:16:09:51.516,0.404,-0.126,-1.076
2017:05:30:16:09:51.528,0.151,-0.107,-0.963
2017:05:30:16:09:51.533,0.281,-0.186,-0.987
2017:05:30:16:09:51.544,0.444,-0.095,-1.034
2017:05:30:16:09:51.549,0.33,-0.204,-1.077
2017:05:30:16:09:51.561,0.318,-0.216,-1.054
2017:05:30:16:09:51.565,0.318,-0.207,-0.886
2017:05:30:16:09:51.578,0.303,-0.247,-0.806
2017:05:30:16:09:51.582,0.113,-0.098,-0.719
2017:05:30:16:09:51.596,0.212,-0.17,-1.08
2017:05:30:16:09:51.600,0.115,-0.215,-0.998
2017:05:30:16:09:51.611,0.287,-0.176,-0.989
2017:05:30:16:09:51.615,0.151,-0.154,-1.092
2017:05:30:16:09:51.628,0.126,-0.164,-1.067
2017:05:30:16:09:51.632,0.108,-0.168,-1.032
2017:05:30:16:09:51.645,-0.025,-0.173,-0.734
2017:05:30:16:09:51.649,0.249,-0.215,-1.016
2017:05:30:16:09:51.661,0.186,-0.172,-0.867
2017:05:30:16:09:51.666,0.245,-0.233,-1.054
2017:05:30:16:09:51.677,0.052,-0.152,-0.903
2017:05:30:16:09:51.682,0.357,-0.163,-1.044
2017:05:30:16:09:51.695,0.261,-0.149,-1.02
2017:05:30:16:09:51.699,0.404,-0.113,-0.923
2017:05:30:16:09:51.718,0.263,-0.22,-1.022
2017:05:30:16:09:51.727,0.293,-0.195,-0.945
2017:05:30:16:09:51.731,0.117,-0.105,-0.901
2017:05:30:16:09:51.735,-0.044,-0.21,-0.899
2017:05:30:16:09:51.745,0.203,-0.162,-1.021
2017:05:30:16:09:51.749,0.016,-0.126,-0.873
2017:05:30:16:09:51.761,0.106,-0.228,-0.862
2017:05:30:16:09:51.766,0.06,-0.138,-0.808
2017:05:30:16:09:51.778,0.136,-0.099,-0.807
2017:05:30:16:09:51.782,0.231,-0.116,-1.249
2017:05:30:16:09:51.794,0.163,-0.225,-0.873
2017:05:30:16:09:51.798,-0.01,-0.198,-0.982
2017:05:30:16:09:51.811,0.265,-0.202,-1.138
2017:05:30:16:09:51.815,0.151,-0.064,-0.935
2017:05:30:16:09:51.828,0.247,-0.223,-0.957
2017:05:30:16:09:51.832,0.31,-0.154,-0.98
2017:05:30:16:09:51.845,0.179,-0.158,-0.885
2017:05:30:16:09:51.848,0.23,-0.163,-1.109
2017:05:30:16:09:51.861,0.102,-0.129,-0.957
2017:05:30:16:09:51.865,0.085,-0.182,-0.825
2017:05:30:16:09:51.878,-0.042,-0.203,-0.974
2017:05:30:16:09:51.882,0.026,-0.131,-0.986
2017:05:30:16:09:51.894,0.056,-0.137,-1.026
2017:05:30:16:09:51.898,0.125,-0.189,-0.933
2017:05:30:16:09:51.911,0.221,-0.176,-0.724
2017:05:30:16:09:51.915,0.149,-0.217,-0.896
2017:05:30:16:09:51.928,0.158,-0.176,-1.054
2017:05:30:16:09:51.932,0.189,-0.209,-0.865
2017:05:30:16:09:51.947,0.494,-0.055,-1.119
2017:05:30:16:09:51.951,0.393,-0.146,-0.984
2017:05:30:16:09:51.962,0.28,-0.143,-0.91
2017:05:30:16:09:51.966,0.201,-0.185,-0.999
2017:05:30:16:09:51.978,0.217,-0.219,-1.009
2017:05:30:16:09:51.982,0.221,-0.235,-0.972
2017:05:30:16:09:51.997,0.242,-0.178,-0.972
2017:05:30:16:09:52.001,0.083,-0.171,-0.986
2017:05:30:16:09:52.011,0.19,-0.246,-0.823
2017:05:30:16:09:52.015,0.062,-0.093,-0.96
2017:05:30:16:09:52.027,0.276,-0.164,-0.891
2017:05:30:16:09:52.031,0.191,-0.127,-1.021
2017:05:30:16:09:52.044,0.18,-0.138,-1.142
2017:05:30:16:09:52.048,0.185,-0.234,-0.898
2017:05:30:16:09:52.061,0.148,-0.207,-0.995
2017:05:30:16:09:52.065,0.106,-0.105,-0.944
2017:05:30:16:09:52.078,0.237,-0.159,-0.912
2017:05:30:16:09:52.082,0.239,-0.14,-0.988
2017:05:30:16:09:52.094,0.261,-0.205,-0.995
2017:05:30:16:09:52.098,0.52,-0.185,-0.936
2017:05:30:16:09:52.111,0.264,-0.171,-0.833
2017:05:30:16:09:52.115,0.227,-0.166,-1.029
2017:05:30:16:09:52.127,0.128,-0.181,-0.849
2017:05:30:16:09:52.132,0.214,-0.244,-1.074
2017:05:30:16:09:52.144,0.273,-0.196,-0.998
2017:05:30:16:09:52.149,0.157,-0.22,-0.93
2017:05:30:16:09:52.161,0.118,-0.103,-0.862
2017:05:30:16:09:52.165,0.287,-0.163,-0.819
2017:05:30:16:09:52.178,0.095,-0.152,-0.934
2017:05:30:16:09:52.182,0.216,-0.244,-0.973
2017:05:30:16:09:52.194,0.245,-0.136,-1.1
2017:05:30:16:09:52.198,0.224,-0.188,-1.22
2017:05:30:16:09:52.211,0.22,-0.148,-0.947
2017:05:30:16:09:52.215,0.133,-0.138,-0.794
2017:05:30:16:09:52.228,0.052,-0.183,-0.775
2017:05:30:16:09:52.231,0.189,-0.203,-0.843
2017:05:30:16:09:52.244,0.218,-0.13,-1.136
2017:05:30:16:09:52.249,0.299,-0.231,-0.974
2017:05:30:16:09:52.261,0.49,-0.11,-1.125
2017:05:30:16:09:52.265,0.1,-0.229,-0.972
2017:05:30:16:09:52.278,0.275,-0.165,-1.112
2017:05:30:16:09:52.282,0.403,-0.157,-0.983
2017:05:30:16:09:52.294,0.071,-0.193,-1.13
2017:05:30:16:09:52.298,0.085,-0.2,-0.895
2017:05:30:16:09:52.311,0.114,-0.173,-0.853
2017:05:30:16:09:52.317,0.161,-0.157,-0.91
2017:05:30:16:09:52.328,0.163,-0.104,-0.88
2017:05:30:16:09:52.331,0.276,-0.132,-1.133
2017:05:30:16:09:52.344,0.077,-0.141,-0.899
2017:05:30:16:09:52.349,0.232,-0.168,-0.983
2017:05:30:16:09:52.361,0.348,-0.2,-1.027
2017:05:30:16:09:52.365,0.075,-0.101,-0.872
2017:05:30:16:09:52.378,0.082,-0.179,-0.864
2017:05:30:16:09:52.382,0.083,-0.166,-1.017
2017:05:30:16:09:52.389,0.268,-0.18,-1.119
2017:05:30:16:09:52.394,0.142,-0.15,-1.028
2017:05:30:16:09:52.398,0.225,-0.201,-0.898
2017:05:30:16:09:52.412,0.176,-0.12,-0.897
2017:05:30:16:09:52.417,0.227,-0.165,-0.978
2017:05:30:16:09:52.428,0.249,-0.159,-1.002
2017:05:30:16:09:52.432,0.315,-0.193,-1.096
2017:05:30:16:09:52.447,0.338,-0.189,-0.941
2017:05:30:16:09:52.451,0.359,-0.215,-0.881
2017:05:30:16:09:52.461,0.103,-0.123,-0.88
2017:05:30:16:09:52.465,0.233,-0.148,-0.948
2017:05:30:16:09:52.478,0.302,-0.108,-1.076
2017:05:30:16:09:52.599,0.153,-0.178,-1.132
2017:05:30:16:09:52.602,0.065,-0.186,-0.966
2017:05:30:16:09:52.606,0.073,-0.127,-0.91
2017:05:30:16:09:52.611,0.039,-0.175,-0.991
2017:05:30:16:09:52.616,0.172,-0.217,-0.897
2017:05:30:16:09:52.628,0.153,-0.24,-1.107
2017:05:30:16:09:52.632,0.12,-0.187,-1.029
2017:05:30:16:09:52.645,0.481,-0.177,-1.022
2017:05:30:16:09:52.649,0.289,-0.126,-0.973
2017:05:30:16:09:52.661,0.205,-0.164,-0.97
2017:05:30:16:09:52.665,0.227,-0.157,-0.951
2017:05:30:16:09:52.678,0.179,-0.243,-0.987
2017:05:30:16:09:52.682,0.283,-0.201,-1.204
2017:05:30:16:09:52.695,0.192,-0.218,-0.726
2017:05:30:16:09:52.699,0.018,-0.196,-0.782
2017:05:30:16:09:52.711,0.167,-0.126,-0.707
2017:05:30:16:09:52.716,0.391,-0.198,-0.978
2017:05:30:16:09:52.728,0.187,-0.133,-0.96
2017:05:30:16:09:52.732,0.371,-0.138,-0.956
2017:05:30:16:09:52.745,0.227,-0.201,-0.988
2017:05:30:16:09:52.749,0.215,-0.154,-0.993
2017:05:30:16:09:52.761,0.048,-0.181,-0.902
2017:05:30:16:09:52.765,-0.008,-0.251,-0.937
2017:05:30:16:09:52.778,0.038,-0.156,-0.894
2017:05:30:16:09:52.784,0.136,-0.197,-0.903
2017:05:30:16:09:52.794,0.114,-0.157,-1.004
2017:05:30:16:09:52.798,0.02,-0.127,-0.765
2017:05:30:16:09:52.811,0.278,-0.17,-0.951
2017:05:30:16:09:52.815,0.239,-0.228,-1.086
2017:05:30:16:09:52.828,0.316,-0.192,-1.046
2017:05:30:16:09:52.832,0.135,-0.211,-0.972
2017:05:30:16:09:52.844,0.244,-0.192,-0.852
2017:05:30:16:09:52.848,0.294,-0.136,-0.868
2017:05:30:16:09:52.861,0.263,-0.231,-0.946
2017:05:30:16:09:52.865,0.294,-0.183,-0.951
2017:05:30:16:09:52.877,0.007,-0.103,-0.998
2017:05:30:16:09:52.882,-0.022,-0.183,-0.987
2017:05:30:16:09:52.894,-0.025,-0.241,-0.814
2017:05:30:16:09:52.898,-0.044,-0.294,-0.835
2017:05:30:16:09:52.911,0.011,-0.27,-0.853
2017:05:30:16:09:52.915,-0.032,-0.276,-0.967
2017:05:30:16:09:52.928,-0.172,-0.32,-0.906
2017:05:30:16:09:52.932,-0.155,-0.271,-0.974
2017:05:30:16:09:52.944,-0.127,-0.239,-0.965
2017:05:30:16:09:52.949,-0.11,-0.212,-1.064
2017:05:30:16:09:52.961,-0.113,-0.221,-1.027
2017:05:30:16:09:52.964,-0.188,-0.264,-1.114
2017:05:30:16:09:52.978,-0.097,-0.24,-1.063
2017:05:30:16:09:52.981,-0.108,-0.199,-1.232
2017:05:30:16:09:52.994,-0.124,-0.122,-1.408
2017:05:30:16:09:52.998,-0.215,-0.105,-1.274
2017:05:30:16:09:53.011,-0.172,-0.1,-0.806
2017:05:30:16:09:53.016,-0.077,-0.059,-0.701
2017:05:30:16:09:53.029,-0.07,-0.067,-0.813
2017:05:30:16:09:53.035,-0.038,-0.087,-0.778
2017:05:30:16:09:53.045,-0.002,-0.09,-1.25
2017:05:30:16:09:53.049,-0.03,-0.157,-1.109
2017:05:30:16:09:53.062,-0.096,-0.238,-0.92
2017:05:30:16:09:53.067,-0.11,-0.225,-0.903
2017:05:30:16:09:53.078,-0.166,-0.25,-0.809
2017:05:30:16:09:53.082,-0.174,-0.229,-0.933
2017:05:30:16:09:53.095,-0.13,-0.2,-1.012
2017:05:30:16:09:53.098,-0.169,-0.217,-1.011
2017:05:30:16:09:53.111,-0.15,-0.214,-0.955
2017:05:30:16:09:53.115,-0.162,-0.242,-0.992
2017:05:30:16:09:53.128,-0.142,-0.284,-0.927
2017:05:30:16:09:53.132,-0.146,-0.314,-0.973
2017:05:30:16:09:53.144,-0.106,-0.308,-1.022
2017:05:30:16:09:53.148,-0.063,-0.291,-1.004
2017:05:30:16:09:53.161,-0.043,-0.253,-1.012
2017:05:30:16:09:53.165,-0.107,-0.274,-1.016
2017:05:30:16:09:53.178,-0.069,-0.289,-0.982
2017:05:30:16:09:53.182,-0.044,-0.278,-0.93
2017:05:30:16:09:53.194,-0.036,-0.276,-0.93
2017:05:30:16:09:53.198,-0.024,-0.293,-0.949
2017:05:30:16:09:53.212,-0.001,-0.311,-0.983
2017:05:30:16:09:53.215,0.031,-0.272,-0.945
2017:05:30:16:09:53.228,-0.001,-0.309,-0.968
2017:05:30:16:09:53.232,0.004,-0.326,-0.903
2017:05:30:16:09:53.245,-0.01,-0.345,-0.891
2017:05:30:16:09:53.249,0.01,-0.316,-0.947
2017:05:30:16:09:53.261,0,-0.31,-0.954
2017:05:30:16:09:53.265,0.031,-0.31,-0.92
2017:05:30:16:09:53.278,0.153,-0.319,-0.925
2017:05:30:16:09:53.282,0.028,-0.289,-1.028
